Z;Beauftragtes Labor;Labor;Probenart,BNS;Version;Paketdienst-Tracking;;Datum;Speichername;lab-interne Info;;;;;;;;;;;;;;;;;;;;;;;;;;;;;;;;;;;;;;;;;;;;;;;;;;;;;;;;;;;;;;;;;;;;;;;;;;;;;;;;;;;;;;;;;;;;;;;;;;;;;;;;;;;;;;;;;;;;;;;;;;;;;;;;;;;;;;;;;;;;;;;;;;;;;;;;;;;;;;;;;;;;;;;;;;;;;;
A;;Sarstedt;B;;;;;;
Z;ldw. Betrieb;Kundennummer AL;Kundennummer Kd;Name;Vorname;Straße Nr.;PLZ;Ort;e-mail;Telefon;Land;Bundesland;MWSt - VAT-No.;Rechnungsnehmer;Ortsteil;;;;;;;;;;;;;;;;;;;;;;;;;;;;;;;;;;;;;;;;;;;;;;;;;;;;;;;;;;;;;;;;;;;;;;;;;;;;;;;;;;;;;;;;;;;;;;;;;;;;;;;;;;;;;;;;;;;;;;;;;;;;;;;;;;;;;;;;;;;;;;;;;;;;;;;;;;;;;;;;;;;;;;;
B;;;;;;;;;;;;;;;;;;;;;;;;;;;;;;;;;;;;;;;;;;;;;;;;;;;;;;;;;;;;;;;;;;;;;;;;;;;;;;;;;;;;;;;;;;;;;;;;;;;;;;;;;;;;;;;;;;;;;;;;;;;;;;;;;;;;;;;;;;;;;;;;;;;;;;;;;;;;;;;;;;;;;;;;;;;;;;;;;;;;;;;;;;;;;
Z;Rechnungsnehmer (falls abweichend);Kd.Nr. AL;Kd.Nr. Kd;Name;Vorname;Straße Nr.;PLZ;Ort;e-mail;Telefon;Land;Bundesland;MWSt - VAT-No.;Rechnungsnehmer;Ortsteil;;;;;;;;;;;;;;;;;;;;;;;;;;;;;;;;;;;;;;;;;;;;;;;;;;;;;;;;;;;;;;;;;;;;;;;;;;;;;;;;;;;;;;;;;;;;;;;;;;;;;;;;;;;;;;;;;;;;;;;;;;;;;;;;;;;;;;;;;;;;;;;;;;;;;;;;;;;;;;;;;;;;;;;
C;;;;;;;;;;;;;;;;;;;;;;;;;;;;;;;;;;;;;;;;;;;;;;;;;;;;;;;;;;;;;;;;;;;;;;;;;;;;;;;;;;;;;;;;;;;;;;;;;;;;;;;;;;;;;;;;;;;;;;;;;;;;;;;;;;;;;;;;;;;;;;;;;;;;;;;;;;;;;;;;;;;;;;;;;;;;;;;;;;;;;;;;;;;;;
Z;Auftragsebene;Projekt AL;A-Name;CAL/DL;NICHT-Trocken;schwer;1 Auftrag/Schlag;Postbefund;Postrechnung;;;;;;;;;;;;;;;;;;;;;;;;;;;;;;;;;;;;;;;;;;;;;;;;;;;;;;;;;;;;;;;;;;;;;;;;;;;;;;;;;;;;;;;;;;;;;;;;;;;;;;;;;;;;;;;;;;;;;;;;;;;;;;;;;;;;;;;;;;;;;;;;;;;;;;;;;;;;;;;;;;;;;;;;;;;;;
D;;;;;;;;;;;;;;;;;;;;;;;;;;;;;;;;;;;;;;;;;;;;;;;;;;;;;;;;;;;;;;;;;;;;;;;;;;;;;;;;;;;;;;;;;;;;;;;;;;;;;;;;;;;;;;;;;;;;;;;;;;;;;;;;;;;;;;;;;;;;;;;;;;;;;;;;;;;;;;;;;;;;;;;;;;;;;;;;;;;;;;;;;;;;;
E;e-mail(s) (,-getrennt);;;;;;;;;;;;;;;;;;;;;;;;;;;;;;;;;;;;;;;;;;;;;;;;;;;;;;;;;;;;;;;;;;;;;;;;;;;;;;;;;;;;;;;;;;;;;;;;;;;;;;;;;;;;;;;;;;;;;;;;;;;;;;;;;;;;;;;;;;;;;;;;;;;;;;;;;;;;;;;;;;;;;;;;;;;;;;;;;;;;;
Z;Probenahme;ProbenehmerNo.;WerberNo;PN-AuftragsNr;Preisliste;Probenahmedatum;PN-Preis/Probe;PN-Preis/ha;ha;Fahrtkosten;Fahrtkosten/km;km;AnzahlProben;;;;;;;;;;;;;;;;;;;;;;;;;;;;;;;;;;;;;;;;;;;;;;;;;;;;;;;;;;;;;;;;;;;;;;;;;;;;;;;;;;;;;;;;;;;;;;;;;;;;;;;;;;;;;;;;;;;;;;;;;;;;;;;;;;;;;;;;;;;;;;;;;;;;;;;;;;;;;;;;;;;;;;;;;;
F;;;;;;;;;;;;;;;;;;;;;;;;;;;;;;;;;;;;;;;;;;;;;;;;;;;;;;;;;;;;;;;;;;;;;;;;;;;;;;;;;;;;;;;;;;;;;;;;;;;;;;;;;;;;;;;;;;;;;;;;;;;;;;;;;;;;;;;;;;;;;;;;;;;;;;;;;;;;;;;;;;;;;;;;;;;;;;;;;;;;;;;;;;;;;
Z;für Düngeempfehlung;Frucht1;Frucht2;Frucht3;Frucht4;Frucht5;Frucht6;Frucht7;Ertrag1;Ertrag2;Ertrag3;Ertrag4;Ertrag5;Ertrag6;Ertrag7;;;;;;;;;;;;;;;;;;;;;;;;;;;;;;;;;;;;;;;;;;;;;;;;;;;;;;;;;;;;;;;;;;;;;;;;;;;;;;;;;;;;;;;;;;;;;;;;;;;;;;;;;;;;;;;;;;;;;;;;;;;;;;;;;;;;;;;;;;;;;;;;;;;;;;;;;;;;;;;;;;;;;;;
G;;;;;;;;;;;;;;;;;;;;;;;;;;;;;;;;;;;;;;;;;;;;;;;;;;;;;;;;;;;;;;;;;;;;;;;;;;;;;;;;;;;;;;;;;;;;;;;;;;;;;;;;;;;;;;;;;;;;;;;;;;;;;;;;;;;;;;;;;;;;;;;;;;;;;;;;;;;;;;;;;;;;;;;;;;;;;;;;;;;;;;;;;;;;;
Z;Proben und Untersuchung;lfd.Nr. /GPS;Tütenbarcode;Schlagnr.;Teilschlagnr.;Schlagname;Erweiterung Schlagname;Schlag-größe [ha];Proben-Fläche [ha];Nutzung [A/W/R/O/H/U];Ernte-reste abg. [j/n];Transport-tracking-nr.;Bodenart;Humusklasse;Standard pH/P/K/Mg;Spuren CAT Na,Mn,Cu,B,Zn;Humusgehalt;C/N-Verhältnis;Kali-Fixierung;Calcium;KAK eff;KAK pot;Korngrößen-verteilung;P-Freisetzungs-rate;s. Codeliste;Nmin 7900;Smin-Zusatz 7901;Nmin TP 1:1 7940;Smin-Zusatz TP 1:1 7941;Nmin TP 1:4 7920;Smin-Zusatz TP 1:4 7921;DüngEmpf N+S 7990;DüngEmpf N 7991;s. Codeliste 1;s. Codeliste2;PN-Bodenart;LOT. ACKERZAHL;LOT. BARCODE;LOT. BODENKLIMARAUM;LOT. BODENZAHL  (Gesetzt auf NULL);LOT. ENTSTEHUNG;LOT. FELDBLOCK;LOT. FID;LOT. HOEHENN;LOT. WASSERSCHUTZGEBIET;LOT_ORDER.NUTZUNG;LOT_ORDER.DURCHWURZELUNGSTIEFE;LOT_ORDER.GUELLE;LOT_ORDER.HUMUSSTUFE;LOT_ORDER.SCHLAG_ZUSATZ;PNSTELLE_BODEN.FLURNR;PNSTELLE_BODEN.FLURST;PNSTELLE_BODEN.GEMARKUNG;PNSTELLE_BODEN.GPS_HWERT;PNSTELLE_BODEN.GPS_RWERT;PNSTELLE_BODEN.GPSNR;PNSTELLE_BODEN.LFDNR;PNSTELLE_BODEN.SCHLAGNR2;PROBE_BODEN.ANALYART_ERFASSUNG;PROBE_BODEN.BODARTCOD;PROBE_BODEN.BODTYP;PROBE_BODEN.PNTIEFE;PROBE_BODEN.PNTIEFE_CM;PROBE_BODEN.PNTIEFE_CM_VON;PROBE_BODEN.PROBENR;PROBE_BODEN.S_ERW;PROBE_BODEN.SCHICHT;PROBE_BODEN.STEINGEHALT;Erhebwert_N1;Erhebwert_N2;Erhebwert_N3;Erhebwert_N4;Analysepaket_Probe;Preis_Probe;arrival date;ERHEBDATEN.ZU_ANALYSENUMFANG (C1);ERHEBDATEN.PROBENSPEZ_1 (C4);ERHEBDATEN.PROBENSPEZ_2 (C5);ERHEBDATEN.PROBENSPEZ_3 (WertC1);EXTRA_N1 (N1);BODENART_KUNDE (N2);HUMUSKLASSE_KUNDE (N3);BODENGRUPPE_KUNDE (N4);LOT_ATTRIBUTE.ACKER_ZAHL;LOT_ATTRIBUTE.BBART1;LOT_ATTRIBUTE.BBART2;LOT_ATTRIBUTE.BBART3;LOT_ATTRIBUTE.BBART4;LOT_ATTRIBUTE.BBDATUM1;LOT_ATTRIBUTE.BBDATUM2;LOT_ATTRIBUTE.BBDATUM3;LOT_ATTRIBUTE.BBDATUM4;LOT_ATTRIBUTE.BEFU_SCHLAGNR;LOT_ATTRIBUTE.BODENTIEFE;LOT_ATTRIBUTE.DIRSAAT;LOT_ATTRIBUTE.FOLGEFRUCHT;LOT_ATTRIBUTE.GR_BODENW;LOT_ATTRIBUTE.GR_TYP;LOT_ATTRIBUTE.GRDUENG;LOT_ATTRIBUTE.HALMSTAB;LOT_ATTRIBUTE.LANGJ_NS;LOT_ATTRIBUTE.LOT_INFO;LOT_ATTRIBUTE.MDHERBST;LOT_ATTRIBUTE.N_MIN_BIS;LOT_ATTRIBUTE.OEKOANB;LOT_ATTRIBUTE.PRODZIEL;LOT_ATTRIBUTE.QUALGABE;LOT_ATTRIBUTE.SAATTERMIN;LOT_ATTRIBUTE.STEINE;LOT_ATTRIBUTE.TIERART;LOT_ATTRIBUTE.VANBAU;LOT_ATTRIBUTE.VIEHBESATZ;LOT_ATTRIBUTE.VIEHLOS;LOT_ATTRIBUTE.WDGV1;LOT_ATTRIBUTE.WDLJ;LOT_ATTRIBUTE.WDTS1;LOT_ATTRIBUTE.WDTS2;LOT_CROP.ABFUHR_GANZE_PFLANZE;LOT_CROP.ABGEFROREN;LOT_CROP.ANBAU_DATUM+PC;LOT_CROP.ANBAU_DATUM;LOT_CROP.BEREGNUNG;LOT_CROP.BESTANDSENTWICKLUNG;LOT_CROP.BESTELLUNG;LOT_CROP.BODENABDECKUNG;LOT_CROP.BRACHE+PC;LOT_CROP.BRACHE;LOT_CROP.EC;LOT_CROP.EINARBEITUNG;LOT_CROP.ABFUHR_GANZE_PFLANZE;LOT_CROP.ERNTEJAHR;LOT_CROP.ERTRAGSNIVEAU;LOT_CROP.ERTRAGSZIEL;LOT_CROP.ERTRAGSZIEL+PC;LOT_CROP.FRUCHT_ART+PC;LOT_CROP.FRUCHT_ART;LOT_CROP.KARTOFFEL_GRUPPE;LOT_CROP.LEGUMINOSEN;LOT_CROP.LEGUMINOSEN_ANTEIL;LOT_CROP.MIT_NUTZUNG;LOT_CROP.RAPS_BLATTVERLUSTE;LOT_CROP.RAPS_SPROSSFRISCHMASSE;LOT_CROP.RAPS_WURZELHALSDURCHME;LOT_CROP.ROHPROTEIN_GEHALT;LOT_CROP.ROTES_GEBIET;LOT_CROP.SCHNITT_ANZAHL;LOT_CROP.SORTE;LOT_CROP.VEGETATIONSBEGINN;LOT_CROP.VERWENDUNG;LOT_CROP.WEIDE_ANTEIL;LOT_CROP.ZWFRUCHT;LOT_CROP.ZWFRUEIN;LOT_CROP.ZWFRUEINDAT;LOT_FERTILIZERS.DUENGER_ART_1;LOT_FERTILIZERS.DUENGE_DATUM_1;LOT_FERTILIZERS.DUENGER_MENGE_1;LOT_FERTILIZERS.STICKSTOFFGEHALT_1;LOT_FERTILIZERS.STABIL_NDUENGER_1;LOT_FERTILIZERS.DUENGER_ART_2;LOT_FERTILIZERS.DUENGE_DATUM_2;LOT_FERTILIZERS.DUENGER_MENGE_2;LOT_FERTILIZERS.STICKSTOFFGEHALT_2;LOT_FERTILIZERS.STABIL_NDUENGER_2;LOT_FERTILIZERS.DUENGER_ART_3;LOT_FERTILIZERS.DUENGE_DATUM_3;LOT_FERTILIZERS.DUENGER_MENGE_3;LOT_FERTILIZERS.STICKSTOFFGEHALT_3;LOT_FERTILIZERS.STABIL_NDUENGER_3;LOT_FERTILIZERS.DUENGER_ART_4;LOT_FERTILIZERS.DUENGE_DATUM_4;LOT_FERTILIZERS.DUENGER_MENGE_4;LOT_FERTILIZERS.STICKSTOFFGEHALT_4;LOT_FERTILIZERS.STABIL_NDUENGER_4;LOT_FERTILIZERS.DUENGER_ART_5;LOT_FERTILIZERS.DUENGE_DATUM_5;LOT_FERTILIZERS.DUENGER_MENGE_5;LOT_FERTILIZERS.STICKSTOFFGEHALT_5;LOT_FERTILIZERS.STABIL_NDUENGER_5;LF.gm_zf_abgefroren1;LF.gm_zf_abgefroren2;LF.gm_abgefroren1;LF.gm_abgefroren2;LF.STICKSTOFF_GESAMT
